<?xml version="1.0" encoding="UTF-8"?>

<!-- * PopulateDatabase.xml * * Copyright (C) 2014 Universidad de Sevilla 
	* * The use of this project is hereby constrained to the conditions of the 
	* TDG Licence, a copy of which you may download from * http://www.tdg-seville.info/License.html -->

<beans xmlns="http://www.springframework.org/schema/beans"
	xmlns:xsi="http://www.w3.org/2001/XMLSchema-instance"
	xsi:schemaLocation="
		http://www.springframework.org/schema/beans http://www.springframework.org/schema/beans/spring-beans.xsd
	">

	<!-- User accounts -->

	<bean id="userAccount1" class="security.UserAccount">
		<property name="username" value="professor1" />
		<property name="password" value="0bc52ce6fa2635b7a93b30e4438b6c15" />
		<property name="authorities">
			<list>
				<bean class="security.Authority">
					<property name="authority" value="PROFESSOR" />
				</bean>
			</list>
		</property>
	</bean>

	<bean id="userAccount2" class="security.UserAccount">
		<property name="username" value="professor2" />
		<property name="password" value="b5f7cf1519e720be3f87b45faf1fd905" />
		<property name="authorities">
			<list>
				<bean class="security.Authority">
					<property name="authority" value="PROFESSOR" />
				</bean>
			</list>
		</property>
	</bean>

	<bean id="userAccount3" class="security.UserAccount">
		<property name="username" value="student1" />
		<property name="password" value="5e5545d38a68148a2d5bd5ec9a89e327" />
		<property name="authorities">
			<list>
				<bean class="security.Authority">
					<property name="authority" value="STUDENT" />
				</bean>
			</list>
		</property>
	</bean>

	<bean id="userAccount4" class="security.UserAccount">
		<property name="username" value="student2" />
		<property name="password" value="213ee683360d88249109c2f92789dbc3" />
		<property name="authorities">
			<list>
				<bean class="security.Authority">
					<property name="authority" value="STUDENT" />
				</bean>
			</list>
		</property>
	</bean>

	<bean id="userAccount5" class="security.UserAccount">
		<property name="username" value="professor3" />
		<property name="password" value="3ddeb15d704e8fb6412d50ce964e7f1b" />
		<property name="authorities">
			<list>
				<bean class="security.Authority">
					<property name="authority" value="PROFESSOR" />
				</bean>
			</list>
		</property>
	</bean>

	<bean id="professor1" class="domain.Professor">
		<property name="email" value="professor1@professor1.com" />
		<property name="name" value="professorName1" />
		<property name="surname" value="professorSurname1" />
		<property name="picture" value="00001111" />
		<property name="userAccount" ref="userAccount1" />

		<property name="curriculum" value="curriculum1" />
		<property name="memberships">
			<list>
				<ref bean="membership1" />
			</list>
		</property>
	</bean>

	<bean id="professor2" class="domain.Professor">
		<property name="email" value="professor2@professor2.com" />
		<property name="name" value="professorName2" />
		<property name="surname" value="professorSurname2" />
		<property name="picture" value="00001111" />
		<property name="userAccount" ref="userAccount2" />

		<property name="curriculum" value="curriculum2" />
		<property name="memberships">
			<list>
				<ref bean="membership2" />
			</list>
		</property>
	</bean>

	<bean id="professor3" class="domain.Professor">
		<property name="email" value="professor3@professor3.com" />
		<property name="name" value="professorName3" />
		<property name="surname" value="professorSurname3" />
		<property name="picture" value="00001111" />
		<property name="userAccount" ref="userAccount5" />
		<property name="curriculum" value="curriculum3" />
		<property name="memberships">
			<list></list>
		</property>
	</bean>

	<bean id="student1" class="domain.Student">
		<property name="email" value="student1@student1.com" />
		<property name="name" value="studentName1" />
		<property name="surname" value="studentSurname1" />
		<property name="picture" value="00001111" />
		<property name="userAccount" ref="userAccount3" />

		<property name="address" value="address1" />
		<property name="illnessesAndDissabilities" value="illnessesAndDissabilities1" />
		<property name="interests" value="interests1" />
		<property name="nameAndSurnamesFather" value="namesAndSurnamesFather1" />
		<property name="nameAndSurnamesMother" value="namesAndSurnamesMother1" />
		<property name="notifications">
			<list>
				<ref bean="notification1" />
				<ref bean="notification2" />
			</list>
		</property>
		<property name="phone" value="987654321" />
		<property name="proposals">
			<list>
				<ref bean="proposal1" />
			</list>
		</property>
		<property name="registrations">
			<list>
				<ref bean="registration1" />
				<ref bean="registration2" />
				<ref bean="registration3" />
			</list>
		</property>
	</bean>

	<bean id="student2" class="domain.Student">
		<property name="email" value="student2@student2.com" />
		<property name="name" value="studentName2" />
		<property name="surname" value="studentSurname2" />
		<property name="picture" value="00001111" />
		<property name="userAccount" ref="userAccount4" />

		<property name="address" value="address2" />
		<property name="illnessesAndDissabilities" value="illnessesAndDissabilities2" />
		<property name="interests" value="interests2" />
		<property name="nameAndSurnamesFather" value="namesAndSurnamesFather2" />
		<property name="nameAndSurnamesMother" value="namesAndSurnamesMother2" />
		<property name="notifications">
			<list>
			</list>
		</property>
		<property name="phone" value="123456789" />
		<property name="proposals">
			<list>
				<ref bean="proposal2" />
			</list>
		</property>
		<property name="registrations">
			<list>
				<ref bean="registration4" />
				<ref bean="registration5" />
			</list>
		</property>
	</bean>

	<bean id="location1" class="domain.Location">
		<property name="latitude" value="37" />
		<property name="longitude" value="-6" />
	</bean>

	<bean id="location2" class="domain.Location">
		<property name="latitude" value="38" />
		<property name="longitude" value="-3" />
	</bean>

	<bean id="center1" class="domain.Center">
		<property name="memberships">
			<list>
				<ref bean="membership1" />
			</list>
		</property>
		<property name="code" value="code1" />
		<property name="dependency" value="PUBLIC" />
		<property name="description" value="description1" />
		<property name="address" value="address1" />
		<property name="location" ref="location1" />
		<property name="name" value="center1" />
		<property name="postalCode" value="37290" />
	</bean>

	<bean id="center2" class="domain.Center">
		<property name="memberships">
			<list>
				<ref bean="membership2" />
			</list>
		</property>
		<property name="code" value="code2" />
		<property name="dependency" value="PRIVATE" />
		<property name="description" value="description2" />
		<property name="address" value="address2" />
		<property name="location" ref="location2" />
		<property name="name" value="center2" />
		<property name="postalCode" value="73209" />
	</bean>

	<bean id="membership1" class="domain.Membership">
		<property name="subjects">
			<list>
				<ref bean="subject1" />
				<ref bean="subject2" />
			</list>
		</property>
		<property name="center" ref="center1" />
		<property name="professor" ref="professor1" />
	</bean>

	<bean id="membership2" class="domain.Membership">
		<property name="subjects">
			<list>
				<ref bean="subject3" />
			</list>
		</property>
		<property name="center" ref="center2" />
		<property name="professor" ref="professor2" />
	</bean>

	<bean id="subject1" class="domain.Subject">
		<property name="membership" ref="membership1" />
		<property name="evaluations">
			<list>
				<ref bean="evaluation1" />
				<ref bean="evaluation2" />
			</list>
		</property>
		<property name="maximumNumberStudents" value="40" />
		<property name="name" value="subject1" />
		<property name="numberStudents" value="2" />
		<property name="proposals">
			<list>
				<ref bean="proposal1" />
			</list>
		</property>
		<property name="registrationLimit" value="4/4/2013" />
		<property name="registrations">
			<list>
				<ref bean="registration1" />
				<ref bean="registration4" />
			</list>
		</property>
		<property name="tutorships">
			<list>
				<ref bean="tutorship1" />
				<ref bean="tutorship2" />
			</list>
		</property>
		<property name="grade" value="2" />
	</bean>

	<bean id="subject2" class="domain.Subject">
		<property name="membership" ref="membership1" />
		<property name="evaluations">
			<list>
			</list>
		</property>
		<property name="maximumNumberStudents" value="1" />
		<property name="name" value="subject2" />
		<property name="numberStudents" value="1" />
		<property name="proposals">
			<list>
			</list>
		</property>
		<property name="registrationLimit" value="9/9/2014" />
		<property name="registrations">
			<list>
				<ref bean="registration2" />
			</list>
		</property>
		<property name="tutorships">
			<list>
			</list>
		</property>
		<property name="grade" value="1" />
	</bean>

	<bean id="subject3" class="domain.Subject">
		<property name="membership" ref="membership2" />
		<property name="evaluations">
			<list>
				<ref bean="evaluation3" />
				<ref bean="evaluation4" />
				<ref bean="evaluation5" />
			</list>
		</property>
		<property name="maximumNumberStudents" value="10" />
		<property name="name" value="subject3" />
		<property name="numberStudents" value="2" />
		<property name="proposals">
			<list>
				<ref bean="proposal2" />
			</list>
		</property>
		<property name="registrationLimit" value="2/4/2013" />
		<property name="registrations">
			<list>
				<ref bean="registration3" />
				<ref bean="registration5" />
			</list>
		</property>
		<property name="tutorships">
			<list>
				<ref bean="tutorship3" />
			</list>
		</property>
		<property name="grade" value="4" />
	</bean>

	<bean id="subject4" class="domain.Subject">
		<property name="membership" ref="membership2" />
		<property name="evaluations">
			<list>
			</list>
		</property>
		<property name="maximumNumberStudents" value="10" />
		<property name="name" value="subject4" />
		<property name="numberStudents" value="2" />
		<property name="proposals">
			<list>
			</list>
		</property>
		<property name="registrationLimit" value="2/4/2017" />
		<property name="registrations">
			<list>
			</list>
		</property>
		<property name="tutorships">
			<list>
			</list>
		</property>
		<property name="grade" value="2" />
	</bean>

	<bean id="tutorship1" class="domain.Tutorship">
		<property name="subject" ref="subject1" />
		<property name="startTime" value="10/10/2013 10:30" />
		<property name="endTime" value="10/10/2013 12:30" />
		<property name="weekDay" value="MONDAY" />
	</bean>

	<bean id="tutorship2" class="domain.Tutorship">
		<property name="subject" ref="subject1" />
		<property name="startTime" value="10/10/2013 10:30" />
		<property name="endTime" value="10/10/2013 12:30" />
		<property name="weekDay" value="TUESDAY" />
	</bean>

	<bean id="tutorship3" class="domain.Tutorship">
		<property name="subject" ref="subject3" />
		<property name="startTime" value="10/10/2013 08:30" />
		<property name="endTime" value="10/10/2013 10:30" />
		<property name="weekDay" value="FRIDAY" />
	</bean>

	<bean id="proposal1" class="domain.Proposal">
		<property name="student" ref="student1" />
		<property name="proposedDate" value="6/6/2014 12:00" />
		<property name="subject" ref="subject1" />
	</bean>

	<bean id="proposal2" class="domain.Proposal">
		<property name="student" ref="student2" />
		<property name="accepted" value="true" />
		<property name="proposedDate" value="6/7/2014 11:00" />
		<property name="subject" ref="subject3" />
	</bean>

	<bean id="registration1" class="domain.Registration">
		<property name="student" ref="student1" />
		<property name="evaluatedStudents">
			<list>
				<ref bean="evaluatedStudent1" />
				<ref bean="evaluatedStudent2" />
			</list>
		</property>
		<property name="finalMark" value="8" />
		<property name="subject" ref="subject1" />
	</bean>

	<bean id="registration2" class="domain.Registration">
		<property name="student" ref="student1" />
		<property name="evaluatedStudents">
			<list>
			</list>
		</property>
		<property name="subject" ref="subject2" />
	</bean>

	<bean id="registration3" class="domain.Registration">
		<property name="student" ref="student1" />
		<property name="evaluatedStudents">
			<list>
			</list>
		</property>
		<property name="subject" ref="subject3" />
	</bean>

	<bean id="registration4" class="domain.Registration">
		<property name="student" ref="student2" />
		<property name="evaluatedStudents">
			<list>
				<ref bean="evaluatedStudent3" />
			</list>
		</property>
		<property name="finalMark" value="5" />
		<property name="subject" ref="subject1" />
	</bean>

	<bean id="registration5" class="domain.Registration">
		<property name="student" ref="student2" />
		<property name="evaluatedStudents">
			<list>
				<ref bean="evaluatedStudent4" />
			</list>
		</property>
		<property name="subject" ref="subject3" />
	</bean>

	<bean id="evaluation1" class="domain.Evaluation">
		<property name="deliverablesDescription" value="deliverablesDescription1" />
		<property name="description" value="description1" />
		<property name="evaluatedStudents">
			<list>
				<ref bean="evaluatedStudent1" />
				<ref bean="evaluatedStudent3" />
			</list>
		</property>
		<property name="finishDate" value="3/3/2013" />
		<property name="name" value="evaluation1" />
		<property name="obligatory" value="true" />
		<property name="weighting" value="1.0" />
		<property name="subject" ref="subject1" />
	</bean>

	<bean id="evaluation2" class="domain.Evaluation">
		<property name="deliverablesDescription" value="deliverablesDescription2" />
		<property name="description" value="description2" />
		<property name="evaluatedStudents">
			<list>
				<ref bean="evaluatedStudent2" />
			</list>
		</property>
		<property name="finishDate" value="4/4/2013" />
		<property name="name" value="evaluation2" />
		<property name="obligatory" value="false" />
		<property name="weighting" value="0.2" />
		<property name="subject" ref="subject1" />
	</bean>

	<bean id="evaluation3" class="domain.Evaluation">
		<property name="deliverablesDescription" value="deliverablesDescription3" />
		<property name="description" value="description3" />
		<property name="evaluatedStudents">
			<list>
			</list>
		</property>
		<property name="finishDate" value="4/4/2015" />
		<property name="name" value="evaluation3" />
		<property name="obligatory" value="false" />
		<property name="weighting" value="0.1" />
		<property name="subject" ref="subject3" />
	</bean>

	<bean id="evaluation4" class="domain.Evaluation">
		<property name="deliverablesDescription" value="deliverablesDescription4" />
		<property name="description" value="description4" />
		<property name="evaluatedStudents">
			<list>
				<ref bean="evaluatedStudent4" />
			</list>
		</property>
		<property name="finishDate" value="4/4/2015" />
		<property name="name" value="evaluation4" />
		<property name="obligatory" value="false" />
		<property name="weighting" value="0.4" />
		<property name="subject" ref="subject3" />
	</bean>

	<bean id="evaluation5" class="domain.Evaluation">
		<property name="deliverablesDescription" value="deliverablesDescription5" />
		<property name="description" value="description5" />
		<property name="evaluatedStudents">
			<list>
			</list>
		</property>
		<property name="finishDate" value="4/4/2012" />
		<property name="name" value="evaluation5" />
		<property name="obligatory" value="false" />
		<property name="weighting" value="0.5" />
		<property name="subject" ref="subject3" />
	</bean>

	<bean id="evaluatedStudent1" class="domain.EvaluatedStudent">
		<property name="evaluation" ref="evaluation1" />
		<property name="mark" value="8" />
		<property name="registration" ref="registration1" />
	</bean>

	<bean id="evaluatedStudent2" class="domain.EvaluatedStudent">
		<property name="evaluation" ref="evaluation2" />
		<property name="registration" ref="registration1" />
	</bean>

	<bean id="evaluatedStudent3" class="domain.EvaluatedStudent">
		<property name="evaluation" ref="evaluation1" />
		<property name="mark" value="5" />
		<property name="registration" ref="registration4" />
	</bean>

	<bean id="evaluatedStudent4" class="domain.EvaluatedStudent">
		<property name="evaluation" ref="evaluation4" />
		<property name="registration" ref="registration5" />
	</bean>

	<bean id="notification1" class="domain.Notification">
		<property name="student" ref="student1" />
		<property name="creationDate" value="5/5/2013" />
		<property name="notificationType" value="NEW_MARK" />
		<property name="data">
			<list>
				<value>8</value>
				<value>Evaluation1</value>
			</list>
		</property>
	</bean>

	<bean id="notification2" class="domain.Notification">
		<property name="student" ref="student1" />
		<property name="creationDate" value="6/5/2013" />
		<property name="notificationType" value="NEW_EVALUATION" />
		<property name="data">
			<list>
				<value>Evaluation2</value>
				<value>Subject1</value>
			</list>
		</property>
	</bean>
</beans>