<?xml version="1.0" encoding="UTF-8"?>

<!-- 
 * converters.xml
 *
 * Copyright (C) 2014 Universidad de Sevilla
 * 
 * The use of this project is hereby constrained to the conditions of the 
 * TDG Licence, a copy of which you may download from 
 * http://www.tdg-seville.info/License.html
 -->

<beans xmlns="http://www.springframework.org/schema/beans"
	xmlns:xsi="http://www.w3.org/2001/XMLSchema-instance" xmlns:util="http://www.springframework.org/schema/util"
	xsi:schemaLocation="
		http://www.springframework.org/schema/beans http://www.springframework.org/schema/beans/spring-beans-4.0.xsd		
		http://www.springframework.org/schema/util http://www.springframework.org/schema/util/spring-util-4.0.xsd		
	">

	<util:list id="converters">
		<!-- 
			Add your own converters using entries of the following form: 
			<bean class="converters.Class1ToClass2" /> 
		-->
		<bean class="converters.ActorToStringConverter" />
		<bean class="converters.StudentToStringConverter" />
		<bean class="converters.AuthorityToStringConverter" />
		<bean class="converters.MembershipToStringConverter" />
		<bean class="converters.CenterToStringConverter" />
		<bean class="converters.EvaluatedStudentToStringConverter" />
		<bean class="converters.EvaluationToStringConverter" />
		<bean class="converters.NotificationToStringConverter" />
		<bean class="converters.ProposalToStringConverter" />
		<bean class="converters.RegistrationToStringConverter" />
		<bean class="converters.SubjectToStringConverter" />
		<bean class="converters.ProfessorToStringConverter" />
		<bean class="converters.TutorshipToStringConverter" />
		
		<bean class="converters.StringToActorConverter" />
		<bean class="converters.StringToStudentConverter" />
		<bean class="converters.StringToAuthorityConverter" />
		<bean class="converters.StringToMembershipConverter" />
		<bean class="converters.StringToCenterConverter" />
		<bean class="converters.StringToEvaluatedStudentConverter" />
		<bean class="converters.StringToEvaluationConverter" />
		<bean class="converters.StringToNotificationConverter" />
		<bean class="converters.StringToProposalConverter" />
		<bean class="converters.StringToRegistrationConverter" />
		<bean class="converters.StringToSubjectConverter" />
		<bean class="converters.StringToProfessorConverter" />
		<bean class="converters.StringToTutorshipConverter" />
				
	</util:list>
	
</beans>