<?xml version="1.0" encoding="UTF-8"?>

<!-- 
 * security.xml
 *
 * Copyright (C) 2014 Universidad de Sevilla
 * Author (A) 2012 Rafael Corchuelo (corchu@us.es)
 * 
 * The use of this project is hereby constrained to the conditions of the 
 * TDG Licence, a copy of which you may download from 
 * http://www.tdg-seville.info/License.html
 -->

<beans xmlns="http://www.springframework.org/schema/beans"
	xmlns:xsi="http://www.w3.org/2001/XMLSchema-instance" xmlns:security="http://www.springframework.org/schema/security"	
	xsi:schemaLocation="
		http://www.springframework.org/schema/beans http://www.springframework.org/schema/beans/spring-beans-4.0.xsd		
        http://www.springframework.org/schema/security http://www.springframework.org/schema/security/spring-security-3.2.xsd
    ">

	<!-- Security infrastructure -->

	<bean id="loginService" class="security.LoginService" />

	<bean id="passwordEncoder"
		class="org.springframework.security.authentication.encoding.Md5PasswordEncoder" />

	<!-- Access control -->

	<security:http auto-config="true" use-expressions="true">
		<security:intercept-url pattern="/" access="permitAll" /> 

		<security:intercept-url pattern="/favicon.ico" access="permitAll" /> 
		<security:intercept-url pattern="/images/**" access="permitAll" /> 
		<security:intercept-url pattern="/scripts/**" access="permitAll" /> 
		<security:intercept-url pattern="/styles/**" access="permitAll" /> 

		<security:intercept-url pattern="/views/misc/index.jsp" access="permitAll" /> 

		<security:intercept-url pattern="/security/login.do" access="permitAll" /> 
		<security:intercept-url pattern="/security/loginFailure.do" access="permitAll" /> 
		<security:intercept-url pattern="/welcome/index.do" access="permitAll" /> 
		<security:intercept-url pattern="/welcome/legalInformation.do" access="permitAll" /> 
		<security:intercept-url pattern="/center/list.do" access="permitAll" /> 
		<security:intercept-url pattern="/center/search.do" access="permitAll" /> 
		<security:intercept-url pattern="/professor/search.do" access="permitAll" /> 
		<security:intercept-url pattern="/center/edit.do" access="permitAll" /> 
		<security:intercept-url pattern="/professor/listByCenter.do" access="permitAll" /> 
		<security:intercept-url pattern="/subject/listByCenter.do" access="permitAll" /> 
		<security:intercept-url pattern="/subject/listAvailableByCenter.do" access="permitAll" /> 
		<security:intercept-url pattern="/subject/edit.do" access="permitAll" />
		<security:intercept-url pattern="/professor/listByCenter.do" access="permitAll"/>
		<security:intercept-url pattern="/professor/create.do" access="permitAll"/>
		<security:intercept-url pattern="/professor/edit.do" access="permitAll"/>
		<security:intercept-url pattern="/professor/display.do" access="permitAll"/>
		<security:intercept-url pattern="/professor/picture.do" access="permitAll"/>
		<security:intercept-url pattern="/student/create.do" access="permitAll" />
		<security:intercept-url pattern="/student/edit.do" access="permitAll" /> 
		<security:intercept-url pattern="/student/picture.do" access="permitAll" /> 
		
		<security:intercept-url pattern="/evaluation/listFromSubject.do" access="isAuthenticated()" />
		<security:intercept-url pattern="/evaluation/display.do" access="isAuthenticated()" /> 
		<security:intercept-url pattern="/tutorship/list.do" access="isAuthenticated()" /> 

		<security:intercept-url pattern="/center/professor/**" access="hasRole('PROFESSOR')" /> 
		<security:intercept-url pattern="/subject/professor/**" access="hasRole('PROFESSOR')" /> 
		<security:intercept-url pattern="/registration/professor/**" access="hasRole('PROFESSOR')" /> 
		<security:intercept-url pattern="/evaluation/professor/**" access="hasRole('PROFESSOR')" /> 
		<security:intercept-url pattern="/evaluatedStudent/professor/**" access="hasRole('PROFESSOR')" /> 
		<security:intercept-url pattern="/proposal/professor/**" access="hasRole('PROFESSOR')" />
		<security:intercept-url pattern="/tutorship/professor/**" access="hasRole('PROFESSOR')" />
		<security:intercept-url pattern="/student/professor/**" access="hasRole('PROFESSOR')" /> 
		<security:intercept-url pattern="/professor/professor/**" access="hasRole('PROFESSOR')"/>

		<security:intercept-url pattern="/center/student/**" access="hasRole('STUDENT')" /> 
		<security:intercept-url pattern="/evaluatedStudent/student/**" access="hasRole('STUDENT')" />
		<security:intercept-url pattern="/evaluation/student/**" access="hasRole('STUDENT')" />  
		<security:intercept-url pattern="/proposal/student/**" access="hasRole('STUDENT')" />  
		<security:intercept-url pattern="/registration/student/**" access="hasRole('STUDENT')" /> 
		<security:intercept-url pattern="/notification/student/**" access="hasRole('STUDENT')"/>
		<security:intercept-url pattern="/subject/student/**" access="hasRole('STUDENT')" /> 
		<security:intercept-url pattern="/student/student/**" access="hasRole('STUDENT')" /> 
		<security:intercept-url pattern="/professor/student/**" access="hasRole('STUDENT')"/>
	
		<security:intercept-url pattern="/**" access="hasRole('NONE')" />

		<security:form-login 
			login-page="/security/login.do"
			password-parameter="password" 
			username-parameter="username"
			authentication-failure-url="/security/loginFailure.do" />

		<security:logout 
			logout-success-url="/" 
			invalidate-session="true" />
	</security:http>

</beans>